{"accuracy": 0.4017094017094017, "f1": 0.4014713524749902, "verifiability": 0.0, "consistency": 0.045584045584045586}