{"accuracy": 0.4074074074074074, "f1": 0.4074025974025974, "verifiability": 0.0, "consistency": 0.0}